Array name,Guide1,Guide2,Guide3,DR1,Guide1_sequence,DR2,Guide2_sequence,DR3,Guide3_sequence,DR6
crSCLC_TKO1,Trp53_1,Rb1_1,Rbl2_1,AATTTCTACTCTTGTAGAT,CAGACTTCCTCCAGAAGATATCC,AAATTTCTACTCTAGTAGAT,AAGGTACCCGATCATGTCAGAGA,TAATTTCTACTGTCGTAGAT,TACACCACAGGCCTGTCCGAGGA,AAATTTCTCCTCTAGGAGAT
crSCLC_TKO2,Trp53_1,Rb1_1,Rbl2_2,AATTTCTACTCTTGTAGAT,CAGACTTCCTCCAGAAGATATCC,AAATTTCTACTCTAGTAGAT,AAGGTACCCGATCATGTCAGAGA,TAATTTCTACTGTCGTAGAT,ATAGACTAAATCTAATGCGCACA,AAATTTCTCCTCTAGGAGAT
crSCLC_TKO3,Trp53_1,Rb1_1,Rbl2_3,AATTTCTACTCTTGTAGAT,CAGACTTCCTCCAGAAGATATCC,AAATTTCTACTCTAGTAGAT,AAGGTACCCGATCATGTCAGAGA,TAATTTCTACTGTCGTAGAT,AATATCCCCAAGAAGAACAGCCT,AAATTTCTCCTCTAGGAGAT
crSCLC_TKO4,Trp53_1,Rb1_2,Rbl2_1,AATTTCTACTCTTGTAGAT,CAGACTTCCTCCAGAAGATATCC,AAATTTCTACTCTAGTAGAT,TGTAGCTCAGTAAAAGTGAATGG,TAATTTCTACTGTCGTAGAT,TACACCACAGGCCTGTCCGAGGA,AAATTTCTCCTCTAGGAGAT
crSCLC_TKO5,Trp53_1,Rb1_2,Rbl2_2,AATTTCTACTCTTGTAGAT,CAGACTTCCTCCAGAAGATATCC,AAATTTCTACTCTAGTAGAT,TGTAGCTCAGTAAAAGTGAATGG,TAATTTCTACTGTCGTAGAT,ATAGACTAAATCTAATGCGCACA,AAATTTCTCCTCTAGGAGAT
crSCLC_TKO6,Trp53_1,Rb1_2,Rbl2_3,AATTTCTACTCTTGTAGAT,CAGACTTCCTCCAGAAGATATCC,AAATTTCTACTCTAGTAGAT,TGTAGCTCAGTAAAAGTGAATGG,TAATTTCTACTGTCGTAGAT,AATATCCCCAAGAAGAACAGCCT,AAATTTCTCCTCTAGGAGAT
crSCLC_TKO7,Trp53_1,Rb1_3,Rbl2_1,AATTTCTACTCTTGTAGAT,CAGACTTCCTCCAGAAGATATCC,AAATTTCTACTCTAGTAGAT,AAAGCATTCTTACCAGGATTCCA,TAATTTCTACTGTCGTAGAT,TACACCACAGGCCTGTCCGAGGA,AAATTTCTCCTCTAGGAGAT
crSCLC_TKO8,Trp53_1,Rb1_3,Rbl2_2,AATTTCTACTCTTGTAGAT,CAGACTTCCTCCAGAAGATATCC,AAATTTCTACTCTAGTAGAT,AAAGCATTCTTACCAGGATTCCA,TAATTTCTACTGTCGTAGAT,ATAGACTAAATCTAATGCGCACA,AAATTTCTCCTCTAGGAGAT
crSCLC_TKO9,Trp53_1,Rb1_3,Rbl2_3,AATTTCTACTCTTGTAGAT,CAGACTTCCTCCAGAAGATATCC,AAATTTCTACTCTAGTAGAT,AAAGCATTCTTACCAGGATTCCA,TAATTTCTACTGTCGTAGAT,AATATCCCCAAGAAGAACAGCCT,AAATTTCTCCTCTAGGAGAT
crSCLC_TKO10,Trp53_2,Rb1_1,Rbl2_1,AATTTCTACTCTTGTAGAT,TATCCCGAGTATCTGGAAGACAG,AAATTTCTACTCTAGTAGAT,AAGGTACCCGATCATGTCAGAGA,TAATTTCTACTGTCGTAGAT,TACACCACAGGCCTGTCCGAGGA,AAATTTCTCCTCTAGGAGAT
crSCLC_TKO11,Trp53_2,Rb1_1,Rbl2_2,AATTTCTACTCTTGTAGAT,TATCCCGAGTATCTGGAAGACAG,AAATTTCTACTCTAGTAGAT,AAGGTACCCGATCATGTCAGAGA,TAATTTCTACTGTCGTAGAT,ATAGACTAAATCTAATGCGCACA,AAATTTCTCCTCTAGGAGAT
crSCLC_TKO12,Trp53_2,Rb1_1,Rbl2_3,AATTTCTACTCTTGTAGAT,TATCCCGAGTATCTGGAAGACAG,AAATTTCTACTCTAGTAGAT,AAGGTACCCGATCATGTCAGAGA,TAATTTCTACTGTCGTAGAT,AATATCCCCAAGAAGAACAGCCT,AAATTTCTCCTCTAGGAGAT
crSCLC_TKO13,Trp53_2,Rb1_2,Rbl2_1,AATTTCTACTCTTGTAGAT,TATCCCGAGTATCTGGAAGACAG,AAATTTCTACTCTAGTAGAT,TGTAGCTCAGTAAAAGTGAATGG,TAATTTCTACTGTCGTAGAT,TACACCACAGGCCTGTCCGAGGA,AAATTTCTCCTCTAGGAGAT
crSCLC_TKO14,Trp53_2,Rb1_2,Rbl2_2,AATTTCTACTCTTGTAGAT,TATCCCGAGTATCTGGAAGACAG,AAATTTCTACTCTAGTAGAT,TGTAGCTCAGTAAAAGTGAATGG,TAATTTCTACTGTCGTAGAT,ATAGACTAAATCTAATGCGCACA,AAATTTCTCCTCTAGGAGAT
crSCLC_TKO15,Trp53_2,Rb1_2,Rbl2_3,AATTTCTACTCTTGTAGAT,TATCCCGAGTATCTGGAAGACAG,AAATTTCTACTCTAGTAGAT,TGTAGCTCAGTAAAAGTGAATGG,TAATTTCTACTGTCGTAGAT,AATATCCCCAAGAAGAACAGCCT,AAATTTCTCCTCTAGGAGAT
crSCLC_TKO16,Trp53_2,Rb1_3,Rbl2_1,AATTTCTACTCTTGTAGAT,TATCCCGAGTATCTGGAAGACAG,AAATTTCTACTCTAGTAGAT,AAAGCATTCTTACCAGGATTCCA,TAATTTCTACTGTCGTAGAT,TACACCACAGGCCTGTCCGAGGA,AAATTTCTCCTCTAGGAGAT
crSCLC_TKO17,Trp53_2,Rb1_3,Rbl2_2,AATTTCTACTCTTGTAGAT,TATCCCGAGTATCTGGAAGACAG,AAATTTCTACTCTAGTAGAT,AAAGCATTCTTACCAGGATTCCA,TAATTTCTACTGTCGTAGAT,ATAGACTAAATCTAATGCGCACA,AAATTTCTCCTCTAGGAGAT
crSCLC_TKO18,Trp53_2,Rb1_3,Rbl2_3,AATTTCTACTCTTGTAGAT,TATCCCGAGTATCTGGAAGACAG,AAATTTCTACTCTAGTAGAT,AAAGCATTCTTACCAGGATTCCA,TAATTTCTACTGTCGTAGAT,AATATCCCCAAGAAGAACAGCCT,AAATTTCTCCTCTAGGAGAT
crSCLC_TKO19,Trp53_3,Rb1_1,Rbl2_1,AATTTCTACTCTTGTAGAT,GAAGGCCCAAGTGAAGCCCTCCG,AAATTTCTACTCTAGTAGAT,AAGGTACCCGATCATGTCAGAGA,TAATTTCTACTGTCGTAGAT,TACACCACAGGCCTGTCCGAGGA,AAATTTCTCCTCTAGGAGAT
crSCLC_TKO20,Trp53_3,Rb1_1,Rbl2_2,AATTTCTACTCTTGTAGAT,GAAGGCCCAAGTGAAGCCCTCCG,AAATTTCTACTCTAGTAGAT,AAGGTACCCGATCATGTCAGAGA,TAATTTCTACTGTCGTAGAT,ATAGACTAAATCTAATGCGCACA,AAATTTCTCCTCTAGGAGAT
crSCLC_TKO21,Trp53_3,Rb1_1,Rbl2_3,AATTTCTACTCTTGTAGAT,GAAGGCCCAAGTGAAGCCCTCCG,AAATTTCTACTCTAGTAGAT,AAGGTACCCGATCATGTCAGAGA,TAATTTCTACTGTCGTAGAT,AATATCCCCAAGAAGAACAGCCT,AAATTTCTCCTCTAGGAGAT
crSCLC_TKO22,Trp53_3,Rb1_2,Rbl2_1,AATTTCTACTCTTGTAGAT,GAAGGCCCAAGTGAAGCCCTCCG,AAATTTCTACTCTAGTAGAT,TGTAGCTCAGTAAAAGTGAATGG,TAATTTCTACTGTCGTAGAT,TACACCACAGGCCTGTCCGAGGA,AAATTTCTCCTCTAGGAGAT
crSCLC_TKO23,Trp53_3,Rb1_2,Rbl2_2,AATTTCTACTCTTGTAGAT,GAAGGCCCAAGTGAAGCCCTCCG,AAATTTCTACTCTAGTAGAT,TGTAGCTCAGTAAAAGTGAATGG,TAATTTCTACTGTCGTAGAT,ATAGACTAAATCTAATGCGCACA,AAATTTCTCCTCTAGGAGAT
crSCLC_TKO24,Trp53_3,Rb1_2,Rbl2_3,AATTTCTACTCTTGTAGAT,GAAGGCCCAAGTGAAGCCCTCCG,AAATTTCTACTCTAGTAGAT,TGTAGCTCAGTAAAAGTGAATGG,TAATTTCTACTGTCGTAGAT,AATATCCCCAAGAAGAACAGCCT,AAATTTCTCCTCTAGGAGAT
crSCLC_TKO25,Trp53_3,Rb1_3,Rbl2_1,AATTTCTACTCTTGTAGAT,GAAGGCCCAAGTGAAGCCCTCCG,AAATTTCTACTCTAGTAGAT,AAAGCATTCTTACCAGGATTCCA,TAATTTCTACTGTCGTAGAT,TACACCACAGGCCTGTCCGAGGA,AAATTTCTCCTCTAGGAGAT
crSCLC_TKO26,Trp53_3,Rb1_3,Rbl2_2,AATTTCTACTCTTGTAGAT,GAAGGCCCAAGTGAAGCCCTCCG,AAATTTCTACTCTAGTAGAT,AAAGCATTCTTACCAGGATTCCA,TAATTTCTACTGTCGTAGAT,ATAGACTAAATCTAATGCGCACA,AAATTTCTCCTCTAGGAGAT
crSCLC_TKO27,Trp53_3,Rb1_3,Rbl2_3,AATTTCTACTCTTGTAGAT,GAAGGCCCAAGTGAAGCCCTCCG,AAATTTCTACTCTAGTAGAT,AAAGCATTCTTACCAGGATTCCA,TAATTTCTACTGTCGTAGAT,AATATCCCCAAGAAGAACAGCCT,AAATTTCTCCTCTAGGAGAT
crOncNeg1,Nf1_1,Rasa1_1,Pten_1,AATTTCTACTCTTGTAGAT,GCAGAAAGCACCAAACGTAAAGC,AAATTTCTACTCTAGTAGAT,GGGACCGTGGATGAAGGTGACTC,TAATTTCTACTGTCGTAGAT,GCGGTGTCATAATGTCTCTCAGC,AAATTTCTCCTCTAGGAGAT
crOncNeg2,Nf1_1,Rasa1_1,Pten_2,AATTTCTACTCTTGTAGAT,GCAGAAAGCACCAAACGTAAAGC,AAATTTCTACTCTAGTAGAT,GGGACCGTGGATGAAGGTGACTC,TAATTTCTACTGTCGTAGAT,AAGACCATAACCCACCACAGCTA,AAATTTCTCCTCTAGGAGAT
crOncNeg3,Nf1_1,Rasa1_1,Pten_3,AATTTCTACTCTTGTAGAT,GCAGAAAGCACCAAACGTAAAGC,AAATTTCTACTCTAGTAGAT,GGGACCGTGGATGAAGGTGACTC,TAATTTCTACTGTCGTAGAT,TGCAGGAAATCCCATAGCAATAA,AAATTTCTCCTCTAGGAGAT
crOncNeg4,Nf1_1,Rasa1_2,Pten_1,AATTTCTACTCTTGTAGAT,GCAGAAAGCACCAAACGTAAAGC,AAATTTCTACTCTAGTAGAT,TGTAGGGCAGAATGGCTCGTACA,TAATTTCTACTGTCGTAGAT,GCGGTGTCATAATGTCTCTCAGC,AAATTTCTCCTCTAGGAGAT
crOncNeg5,Nf1_1,Rasa1_2,Pten_2,AATTTCTACTCTTGTAGAT,GCAGAAAGCACCAAACGTAAAGC,AAATTTCTACTCTAGTAGAT,TGTAGGGCAGAATGGCTCGTACA,TAATTTCTACTGTCGTAGAT,AAGACCATAACCCACCACAGCTA,AAATTTCTCCTCTAGGAGAT
crOncNeg6,Nf1_1,Rasa1_2,Pten_3,AATTTCTACTCTTGTAGAT,GCAGAAAGCACCAAACGTAAAGC,AAATTTCTACTCTAGTAGAT,TGTAGGGCAGAATGGCTCGTACA,TAATTTCTACTGTCGTAGAT,TGCAGGAAATCCCATAGCAATAA,AAATTTCTCCTCTAGGAGAT
crOncNeg7,Nf1_1,Rasa1_3,Pten_1,AATTTCTACTCTTGTAGAT,GCAGAAAGCACCAAACGTAAAGC,AAATTTCTACTCTAGTAGAT,CCTGCCTGCCTGAGGCGTTCTTC,TAATTTCTACTGTCGTAGAT,GCGGTGTCATAATGTCTCTCAGC,AAATTTCTCCTCTAGGAGAT
crOncNeg8,Nf1_1,Rasa1_3,Pten_2,AATTTCTACTCTTGTAGAT,GCAGAAAGCACCAAACGTAAAGC,AAATTTCTACTCTAGTAGAT,CCTGCCTGCCTGAGGCGTTCTTC,TAATTTCTACTGTCGTAGAT,AAGACCATAACCCACCACAGCTA,AAATTTCTCCTCTAGGAGAT
crOncNeg9,Nf1_1,Rasa1_3,Pten_3,AATTTCTACTCTTGTAGAT,GCAGAAAGCACCAAACGTAAAGC,AAATTTCTACTCTAGTAGAT,CCTGCCTGCCTGAGGCGTTCTTC,TAATTTCTACTGTCGTAGAT,TGCAGGAAATCCCATAGCAATAA,AAATTTCTCCTCTAGGAGAT
crOncNeg10,Nf1_2,Rasa1_1,Pten_1,AATTTCTACTCTTGTAGAT,ATTAGATACGTTCGTGTTCTTGG,AAATTTCTACTCTAGTAGAT,GGGACCGTGGATGAAGGTGACTC,TAATTTCTACTGTCGTAGAT,GCGGTGTCATAATGTCTCTCAGC,AAATTTCTCCTCTAGGAGAT
crOncNeg11,Nf1_2,Rasa1_1,Pten_2,AATTTCTACTCTTGTAGAT,ATTAGATACGTTCGTGTTCTTGG,AAATTTCTACTCTAGTAGAT,GGGACCGTGGATGAAGGTGACTC,TAATTTCTACTGTCGTAGAT,AAGACCATAACCCACCACAGCTA,AAATTTCTCCTCTAGGAGAT
crOncNeg12,Nf1_2,Rasa1_1,Pten_3,AATTTCTACTCTTGTAGAT,ATTAGATACGTTCGTGTTCTTGG,AAATTTCTACTCTAGTAGAT,GGGACCGTGGATGAAGGTGACTC,TAATTTCTACTGTCGTAGAT,TGCAGGAAATCCCATAGCAATAA,AAATTTCTCCTCTAGGAGAT
crOncNeg13,Nf1_2,Rasa1_2,Pten_1,AATTTCTACTCTTGTAGAT,ATTAGATACGTTCGTGTTCTTGG,AAATTTCTACTCTAGTAGAT,TGTAGGGCAGAATGGCTCGTACA,TAATTTCTACTGTCGTAGAT,GCGGTGTCATAATGTCTCTCAGC,AAATTTCTCCTCTAGGAGAT
crOncNeg14,Nf1_2,Rasa1_2,Pten_2,AATTTCTACTCTTGTAGAT,ATTAGATACGTTCGTGTTCTTGG,AAATTTCTACTCTAGTAGAT,TGTAGGGCAGAATGGCTCGTACA,TAATTTCTACTGTCGTAGAT,AAGACCATAACCCACCACAGCTA,AAATTTCTCCTCTAGGAGAT
crOncNeg15,Nf1_2,Rasa1_2,Pten_3,AATTTCTACTCTTGTAGAT,ATTAGATACGTTCGTGTTCTTGG,AAATTTCTACTCTAGTAGAT,TGTAGGGCAGAATGGCTCGTACA,TAATTTCTACTGTCGTAGAT,TGCAGGAAATCCCATAGCAATAA,AAATTTCTCCTCTAGGAGAT
crOncNeg16,Nf1_2,Rasa1_3,Pten_1,AATTTCTACTCTTGTAGAT,ATTAGATACGTTCGTGTTCTTGG,AAATTTCTACTCTAGTAGAT,CCTGCCTGCCTGAGGCGTTCTTC,TAATTTCTACTGTCGTAGAT,GCGGTGTCATAATGTCTCTCAGC,AAATTTCTCCTCTAGGAGAT
crOncNeg17,Nf1_2,Rasa1_3,Pten_2,AATTTCTACTCTTGTAGAT,ATTAGATACGTTCGTGTTCTTGG,AAATTTCTACTCTAGTAGAT,CCTGCCTGCCTGAGGCGTTCTTC,TAATTTCTACTGTCGTAGAT,AAGACCATAACCCACCACAGCTA,AAATTTCTCCTCTAGGAGAT
crOncNeg18,Nf1_2,Rasa1_3,Pten_3,AATTTCTACTCTTGTAGAT,ATTAGATACGTTCGTGTTCTTGG,AAATTTCTACTCTAGTAGAT,CCTGCCTGCCTGAGGCGTTCTTC,TAATTTCTACTGTCGTAGAT,TGCAGGAAATCCCATAGCAATAA,AAATTTCTCCTCTAGGAGAT
crOncNeg19,Nf1_3,Rasa1_1,Pten_1,AATTTCTACTCTTGTAGAT,AATGCAGTCTTTAGTCGCATTTC,AAATTTCTACTCTAGTAGAT,GGGACCGTGGATGAAGGTGACTC,TAATTTCTACTGTCGTAGAT,GCGGTGTCATAATGTCTCTCAGC,AAATTTCTCCTCTAGGAGAT
crOncNeg20,Nf1_3,Rasa1_1,Pten_2,AATTTCTACTCTTGTAGAT,AATGCAGTCTTTAGTCGCATTTC,AAATTTCTACTCTAGTAGAT,GGGACCGTGGATGAAGGTGACTC,TAATTTCTACTGTCGTAGAT,AAGACCATAACCCACCACAGCTA,AAATTTCTCCTCTAGGAGAT
crOncNeg21,Nf1_3,Rasa1_1,Pten_3,AATTTCTACTCTTGTAGAT,AATGCAGTCTTTAGTCGCATTTC,AAATTTCTACTCTAGTAGAT,GGGACCGTGGATGAAGGTGACTC,TAATTTCTACTGTCGTAGAT,TGCAGGAAATCCCATAGCAATAA,AAATTTCTCCTCTAGGAGAT
crOncNeg22,Nf1_3,Rasa1_2,Pten_1,AATTTCTACTCTTGTAGAT,AATGCAGTCTTTAGTCGCATTTC,AAATTTCTACTCTAGTAGAT,TGTAGGGCAGAATGGCTCGTACA,TAATTTCTACTGTCGTAGAT,GCGGTGTCATAATGTCTCTCAGC,AAATTTCTCCTCTAGGAGAT
crOncNeg23,Nf1_3,Rasa1_2,Pten_2,AATTTCTACTCTTGTAGAT,AATGCAGTCTTTAGTCGCATTTC,AAATTTCTACTCTAGTAGAT,TGTAGGGCAGAATGGCTCGTACA,TAATTTCTACTGTCGTAGAT,AAGACCATAACCCACCACAGCTA,AAATTTCTCCTCTAGGAGAT
crOncNeg24,Nf1_3,Rasa1_2,Pten_3,AATTTCTACTCTTGTAGAT,AATGCAGTCTTTAGTCGCATTTC,AAATTTCTACTCTAGTAGAT,TGTAGGGCAGAATGGCTCGTACA,TAATTTCTACTGTCGTAGAT,TGCAGGAAATCCCATAGCAATAA,AAATTTCTCCTCTAGGAGAT
crOncNeg25,Nf1_3,Rasa1_3,Pten_1,AATTTCTACTCTTGTAGAT,AATGCAGTCTTTAGTCGCATTTC,AAATTTCTACTCTAGTAGAT,CCTGCCTGCCTGAGGCGTTCTTC,TAATTTCTACTGTCGTAGAT,GCGGTGTCATAATGTCTCTCAGC,AAATTTCTCCTCTAGGAGAT
crOncNeg26,Nf1_3,Rasa1_3,Pten_2,AATTTCTACTCTTGTAGAT,AATGCAGTCTTTAGTCGCATTTC,AAATTTCTACTCTAGTAGAT,CCTGCCTGCCTGAGGCGTTCTTC,TAATTTCTACTGTCGTAGAT,AAGACCATAACCCACCACAGCTA,AAATTTCTCCTCTAGGAGAT
crOncNeg27,Nf1_3,Rasa1_3,Pten_3,AATTTCTACTCTTGTAGAT,AATGCAGTCTTTAGTCGCATTTC,AAATTTCTACTCTAGTAGAT,CCTGCCTGCCTGAGGCGTTCTTC,TAATTTCTACTGTCGTAGAT,TGCAGGAAATCCCATAGCAATAA,AAATTTCTCCTCTAGGAGAT
crPDAC_TKO1,Trp53_1,Cdkn2a_1,Smad4_1,AATTTCTACTCTTGTAGAT,CAGACTTCCTCCAGAAGATATCC,AAATTTCTACTCTAGTAGAT,TGCTCAACTACGGTGCAGATTCG,TAATTTCTACTGTCGTAGAT,TGCGTAGCTCCAAGTATGTTAGT,AAATTTCTCCTCTAGGAGAT
crPDAC_TKO2,Trp53_1,Cdkn2a_1,Smad4_2,AATTTCTACTCTTGTAGAT,CAGACTTCCTCCAGAAGATATCC,AAATTTCTACTCTAGTAGAT,TGCTCAACTACGGTGCAGATTCG,TAATTTCTACTGTCGTAGAT,CTCATGTGATCTATGCCCGTCTG,AAATTTCTCCTCTAGGAGAT
crPDAC_TKO3,Trp53_1,Cdkn2a_1,Smad4_3,AATTTCTACTCTTGTAGAT,CAGACTTCCTCCAGAAGATATCC,AAATTTCTACTCTAGTAGAT,TGCTCAACTACGGTGCAGATTCG,TAATTTCTACTGTCGTAGAT,CTAGGTGGCTGGTCGGAAAGGAT,AAATTTCTCCTCTAGGAGAT
crPDAC_TKO4,Trp53_1,Cdkn2a_2,Smad4_1,AATTTCTACTCTTGTAGAT,CAGACTTCCTCCAGAAGATATCC,AAATTTCTACTCTAGTAGAT,GAACTGCGAGGACCCCACTACCT,TAATTTCTACTGTCGTAGAT,TGCGTAGCTCCAAGTATGTTAGT,AAATTTCTCCTCTAGGAGAT
crPDAC_TKO5,Trp53_1,Cdkn2a_2,Smad4_2,AATTTCTACTCTTGTAGAT,CAGACTTCCTCCAGAAGATATCC,AAATTTCTACTCTAGTAGAT,GAACTGCGAGGACCCCACTACCT,TAATTTCTACTGTCGTAGAT,CTCATGTGATCTATGCCCGTCTG,AAATTTCTCCTCTAGGAGAT
crPDAC_TKO6,Trp53_1,Cdkn2a_2,Smad4_3,AATTTCTACTCTTGTAGAT,CAGACTTCCTCCAGAAGATATCC,AAATTTCTACTCTAGTAGAT,GAACTGCGAGGACCCCACTACCT,TAATTTCTACTGTCGTAGAT,CTAGGTGGCTGGTCGGAAAGGAT,AAATTTCTCCTCTAGGAGAT
crPDAC_TKO7,Trp53_1,Cdkn2a_3,Smad4_1,AATTTCTACTCTTGTAGAT,CAGACTTCCTCCAGAAGATATCC,AAATTTCTACTCTAGTAGAT,GGTGATGATGATGGGCAACGTTC,TAATTTCTACTGTCGTAGAT,TGCGTAGCTCCAAGTATGTTAGT,AAATTTCTCCTCTAGGAGAT
crPDAC_TKO8,Trp53_1,Cdkn2a_3,Smad4_2,AATTTCTACTCTTGTAGAT,CAGACTTCCTCCAGAAGATATCC,AAATTTCTACTCTAGTAGAT,GGTGATGATGATGGGCAACGTTC,TAATTTCTACTGTCGTAGAT,CTCATGTGATCTATGCCCGTCTG,AAATTTCTCCTCTAGGAGAT
crPDAC_TKO9,Trp53_1,Cdkn2a_3,Smad4_3,AATTTCTACTCTTGTAGAT,CAGACTTCCTCCAGAAGATATCC,AAATTTCTACTCTAGTAGAT,GGTGATGATGATGGGCAACGTTC,TAATTTCTACTGTCGTAGAT,CTAGGTGGCTGGTCGGAAAGGAT,AAATTTCTCCTCTAGGAGAT
crPDAC_TKO10,Trp53_2,Cdkn2a_1,Smad4_1,AATTTCTACTCTTGTAGAT,TATCCCGAGTATCTGGAAGACAG,AAATTTCTACTCTAGTAGAT,TGCTCAACTACGGTGCAGATTCG,TAATTTCTACTGTCGTAGAT,TGCGTAGCTCCAAGTATGTTAGT,AAATTTCTCCTCTAGGAGAT
crPDAC_TKO11,Trp53_2,Cdkn2a_1,Smad4_2,AATTTCTACTCTTGTAGAT,TATCCCGAGTATCTGGAAGACAG,AAATTTCTACTCTAGTAGAT,TGCTCAACTACGGTGCAGATTCG,TAATTTCTACTGTCGTAGAT,CTCATGTGATCTATGCCCGTCTG,AAATTTCTCCTCTAGGAGAT
crPDAC_TKO12,Trp53_2,Cdkn2a_1,Smad4_3,AATTTCTACTCTTGTAGAT,TATCCCGAGTATCTGGAAGACAG,AAATTTCTACTCTAGTAGAT,TGCTCAACTACGGTGCAGATTCG,TAATTTCTACTGTCGTAGAT,CTAGGTGGCTGGTCGGAAAGGAT,AAATTTCTCCTCTAGGAGAT
crPDAC_TKO13,Trp53_2,Cdkn2a_2,Smad4_1,AATTTCTACTCTTGTAGAT,TATCCCGAGTATCTGGAAGACAG,AAATTTCTACTCTAGTAGAT,GAACTGCGAGGACCCCACTACCT,TAATTTCTACTGTCGTAGAT,TGCGTAGCTCCAAGTATGTTAGT,AAATTTCTCCTCTAGGAGAT
crPDAC_TKO14,Trp53_2,Cdkn2a_2,Smad4_2,AATTTCTACTCTTGTAGAT,TATCCCGAGTATCTGGAAGACAG,AAATTTCTACTCTAGTAGAT,GAACTGCGAGGACCCCACTACCT,TAATTTCTACTGTCGTAGAT,CTCATGTGATCTATGCCCGTCTG,AAATTTCTCCTCTAGGAGAT
crPDAC_TKO15,Trp53_2,Cdkn2a_2,Smad4_3,AATTTCTACTCTTGTAGAT,TATCCCGAGTATCTGGAAGACAG,AAATTTCTACTCTAGTAGAT,GAACTGCGAGGACCCCACTACCT,TAATTTCTACTGTCGTAGAT,CTAGGTGGCTGGTCGGAAAGGAT,AAATTTCTCCTCTAGGAGAT
crPDAC_TKO16,Trp53_2,Cdkn2a_3,Smad4_1,AATTTCTACTCTTGTAGAT,TATCCCGAGTATCTGGAAGACAG,AAATTTCTACTCTAGTAGAT,GGTGATGATGATGGGCAACGTTC,TAATTTCTACTGTCGTAGAT,TGCGTAGCTCCAAGTATGTTAGT,AAATTTCTCCTCTAGGAGAT
crPDAC_TKO17,Trp53_2,Cdkn2a_3,Smad4_2,AATTTCTACTCTTGTAGAT,TATCCCGAGTATCTGGAAGACAG,AAATTTCTACTCTAGTAGAT,GGTGATGATGATGGGCAACGTTC,TAATTTCTACTGTCGTAGAT,CTCATGTGATCTATGCCCGTCTG,AAATTTCTCCTCTAGGAGAT
crPDAC_TKO18,Trp53_2,Cdkn2a_3,Smad4_3,AATTTCTACTCTTGTAGAT,TATCCCGAGTATCTGGAAGACAG,AAATTTCTACTCTAGTAGAT,GGTGATGATGATGGGCAACGTTC,TAATTTCTACTGTCGTAGAT,CTAGGTGGCTGGTCGGAAAGGAT,AAATTTCTCCTCTAGGAGAT
crPDAC_TKO19,Trp53_3,Cdkn2a_1,Smad4_1,AATTTCTACTCTTGTAGAT,GAAGGCCCAAGTGAAGCCCTCCG,AAATTTCTACTCTAGTAGAT,TGCTCAACTACGGTGCAGATTCG,TAATTTCTACTGTCGTAGAT,TGCGTAGCTCCAAGTATGTTAGT,AAATTTCTCCTCTAGGAGAT
crPDAC_TKO20,Trp53_3,Cdkn2a_1,Smad4_2,AATTTCTACTCTTGTAGAT,GAAGGCCCAAGTGAAGCCCTCCG,AAATTTCTACTCTAGTAGAT,TGCTCAACTACGGTGCAGATTCG,TAATTTCTACTGTCGTAGAT,CTCATGTGATCTATGCCCGTCTG,AAATTTCTCCTCTAGGAGAT
crPDAC_TKO21,Trp53_3,Cdkn2a_1,Smad4_3,AATTTCTACTCTTGTAGAT,GAAGGCCCAAGTGAAGCCCTCCG,AAATTTCTACTCTAGTAGAT,TGCTCAACTACGGTGCAGATTCG,TAATTTCTACTGTCGTAGAT,CTAGGTGGCTGGTCGGAAAGGAT,AAATTTCTCCTCTAGGAGAT
crPDAC_TKO22,Trp53_3,Cdkn2a_2,Smad4_1,AATTTCTACTCTTGTAGAT,GAAGGCCCAAGTGAAGCCCTCCG,AAATTTCTACTCTAGTAGAT,GAACTGCGAGGACCCCACTACCT,TAATTTCTACTGTCGTAGAT,TGCGTAGCTCCAAGTATGTTAGT,AAATTTCTCCTCTAGGAGAT
crPDAC_TKO23,Trp53_3,Cdkn2a_2,Smad4_2,AATTTCTACTCTTGTAGAT,GAAGGCCCAAGTGAAGCCCTCCG,AAATTTCTACTCTAGTAGAT,GAACTGCGAGGACCCCACTACCT,TAATTTCTACTGTCGTAGAT,CTCATGTGATCTATGCCCGTCTG,AAATTTCTCCTCTAGGAGAT
crPDAC_TKO24,Trp53_3,Cdkn2a_2,Smad4_3,AATTTCTACTCTTGTAGAT,GAAGGCCCAAGTGAAGCCCTCCG,AAATTTCTACTCTAGTAGAT,GAACTGCGAGGACCCCACTACCT,TAATTTCTACTGTCGTAGAT,CTAGGTGGCTGGTCGGAAAGGAT,AAATTTCTCCTCTAGGAGAT
crPDAC_TKO25,Trp53_3,Cdkn2a_3,Smad4_1,AATTTCTACTCTTGTAGAT,GAAGGCCCAAGTGAAGCCCTCCG,AAATTTCTACTCTAGTAGAT,GGTGATGATGATGGGCAACGTTC,TAATTTCTACTGTCGTAGAT,TGCGTAGCTCCAAGTATGTTAGT,AAATTTCTCCTCTAGGAGAT
crPDAC_TKO26,Trp53_3,Cdkn2a_3,Smad4_2,AATTTCTACTCTTGTAGAT,GAAGGCCCAAGTGAAGCCCTCCG,AAATTTCTACTCTAGTAGAT,GGTGATGATGATGGGCAACGTTC,TAATTTCTACTGTCGTAGAT,CTCATGTGATCTATGCCCGTCTG,AAATTTCTCCTCTAGGAGAT
crPDAC_TKO27,Trp53_3,Cdkn2a_3,Smad4_3,AATTTCTACTCTTGTAGAT,GAAGGCCCAAGTGAAGCCCTCCG,AAATTTCTACTCTAGTAGAT,GGTGATGATGATGGGCAACGTTC,TAATTTCTACTGTCGTAGAT,CTAGGTGGCTGGTCGGAAAGGAT,AAATTTCTCCTCTAGGAGAT